epoch,step,train/cardinality_error,train/cardinality_error_0,train/cardinality_error_1,train/cardinality_error_2,train/cardinality_error_enc,train/class_error,train/loss,train/loss_bbox,train/loss_bbox_aux,train/loss_ce,train/loss_ce_aux,train/loss_giou,train/loss_giou_aux,train/loss_mask_ce,train/loss_mask_ce_aux,train/loss_mask_dice,train/loss_mask_dice_aux,train/lr,train/lr_max,train/lr_min,val/F1,val/ema_mAP_50,val/ema_mAP_50_95,val/ema_mAP_75,val/ema_mAR,val/ema_segm_mAP_50,val/ema_segm_mAP_50_95,val/mAP_50,val/mAP_50_95,val/mAP_75,val/mAR,val/precision,val/recall,val/segm_mAP_50,val/segm_mAP_50_95
0,49,,,,,,,,,,,,,,,,,,5.7309942349093035e-05,5.7309942349093035e-05,6.175268651986698e-08,,,,,,,,,,,,,,,
0,99,,,,,,,,,,,,,,,,,,0.00011578947305679321,0.00011578947305679321,1.2476563426844223e-07,,,,,,,,,,,,,,,
0,149,,,,,,,,,,,,,,,,,,0.0001742690074024722,0.0001742690074024722,1.8777858201701747e-07,,,,,,,,,,,,,,,
0,170,,,,,,,,,,,,,,,,,,,,,0.844711184501648,0.8956064581871033,0.7654407024383545,0.8693658113479614,0.9112359285354614,0.895444929599762,0.8296582102775574,0.8956064581871033,0.7654407024383545,0.8693658113479614,0.9112359285354614,0.7929577231407166,0.903691828250885,0.895444929599762,0.8296582102775574
0,170,10.993502616882324,2.8157894611358643,8.264781951904297,10.276477813720703,2.476933002471924,41.78606414794922,17.723421096801758,0.07813304662704468,0.42986956238746643,0.9936577081680298,4.177922248840332,0.17201468348503113,0.9032059907913208,0.0840214192867279,0.6133073568344116,0.0835513100028038,0.7913987040519714,,,,,,,,,,,,,,,,,,
1,199,,,,,,,,,,,,,,,,,,0.00019999865617137402,0.00019999865617137402,2.1550282269799936e-07,,,,,,,,,,,,,,,
1,249,,,,,,,,,,,,,,,,,,0.0001999895175686106,0.0001999895175686106,2.1549298878653644e-07,,,,,,,,,,,,,,,
1,299,,,,,,,,,,,,,,,,,,0.00019997179333586246,0.00019997179333586246,2.154738751869445e-07,,,,,,,,,,,,,,,
1,341,,,,,,,,,,,,,,,,,,,,,0.9198443293571472,0.9593425989151001,0.8561993837356567,0.9479221105575562,0.9372391700744629,0.9593425989151001,0.9065915942192078,0.9593425989151001,0.8561993837356567,0.9479221105575562,0.9372391700744629,0.8927492499351501,0.9486356377601624,0.9593425989151001,0.9065915942192078
1,341,27.14197540283203,11.179337501525879,23.291748046875,26.262508392333984,4.661793231964111,0.08110912144184113,10.232255935668945,0.0618315227329731,0.2635805904865265,0.6574253439903259,3.5491349697113037,0.1380569189786911,0.5968843698501587,0.04970727488398552,0.2407601773738861,0.04797542840242386,0.24730747938156128,,,,,,,,,,,,,,,,,,
2,349,,,,,,,,,,,,,,,,,,0.00019994545436929911,0.00019994545436929911,2.1544549611007824e-07,,,,,,,,,,,,,,,
2,399,,,,,,,,,,,,,,,,,,0.00019991050066892058,0.00019991050066892058,2.1540783734508295e-07,,,,,,,,,,,,,,,
2,449,,,,,,,,,,,,,,,,,,0.0001998669613385573,0.0001998669613385573,2.1536091310281336e-07,,,,,,,,,,,,,,,
2,499,,,,,,,,,,,,,,,,,,0.00019981480727437884,0.00019981480727437884,2.1530473759412416e-07,,,,,,,,,,,,,,,
2,512,,,,,,,,,,,,,,,,,,,,,0.9388715028762817,0.9774897694587708,0.8823128342628479,0.9683988690376282,0.9565008282661438,0.9774897694587708,0.9280548095703125,0.9774897694587708,0.8823128342628479,0.9683988690376282,0.9565008282661438,0.9173047542572021,0.961476743221283,0.9774897694587708,0.9280548095703125
2,512,28.057504653930664,15.371344566345215,25.584470748901367,27.782001495361328,13.860299110412598,0.02171996422111988,9.108626365661621,0.05698852241039276,0.24605974555015564,0.5811898112297058,3.1848866939544678,0.12653958797454834,0.5568835735321045,0.042584504932165146,0.20406204462051392,0.04160193353891373,0.20384439826011658,,,,,,,,,,,,,,,,,,
3,549,,,,,,,,,,,,,,,,,,0.00019975406758021563,0.00019975406758021563,2.1523928239730594e-07,,,,,,,,,,,,,,,
3,599,,,,,,,,,,,,,,,,,,0.0001996847422560677,0.0001996847422560677,2.1516457593406813e-07,,,,,,,,,,,,,,,
3,649,,,,,,,,,,,,,,,,,,0.00019960683130193502,0.00019960683130193502,2.1508063241526543e-07,,,,,,,,,,,,,,,
3,683,,,,,,,,,,,,,,,,,,,,,0.948113203048706,0.9821721315383911,0.9036462903022766,0.9730457067489624,0.9473515152931213,0.9821721315383911,0.9343432784080505,0.9821721315383911,0.9036462903022766,0.9730457067489624,0.9473515152931213,0.929121732711792,0.9678972959518433,0.9821721315383911,0.9343432784080505
3,683,28.389537811279297,17.671215057373047,27.237491607666016,28.373619079589844,18.433073043823242,0.025511668995022774,8.630895614624023,0.055590495467185974,0.24356089532375336,0.5421987771987915,2.9597651958465576,0.12353377789258957,0.5478162169456482,0.04073995351791382,0.18737120926380157,0.04048977792263031,0.1894943118095398,,,,,,,,,,,,,,,,,,
4,699,,,,,,,,,,,,,,,,,,0.00019952034926973283,0.00019952034926973283,2.1498743763004313e-07,,,,,,,,,,,,,,,
4,749,,,,,,,,,,,,,,,,,,0.00019942529615946114,0.00019942529615946114,2.1488502000011067e-07,,,,,,,,,,,,,,,
4,799,,,,,,,,,,,,,,,,,,0.00019932168652303517,0.00019932168652303517,2.1477337952546804e-07,,,,,,,,,,,,,,,
4,849,,,,,,,,,,,,,,,,,,0.00019920952036045492,0.00019920952036045492,2.1465251620611525e-07,,,,,,,,,,,,,,,
4,854,,,,,,,,,,,,,,,,,,,,,0.9454545378684998,0.9839435815811157,0.9103870987892151,0.9753331542015076,0.9467094540596008,0.9838486313819885,0.9409151673316956,0.9839435815811157,0.9103870987892151,0.9753331542015076,0.9467094540596008,0.9314641952514648,0.9598715901374817,0.9838486313819885,0.9409151673316956
4,854,28.62085723876953,20.156919479370117,27.526639938354492,28.504222869873047,22.006498336791992,0.008274785242974758,8.3330717086792,0.05334658920764923,0.2439180165529251,0.5338236093521118,2.792264461517334,0.11959634721279144,0.5467227697372437,0.03847893700003624,0.17939673364162445,0.03857199847698212,0.18115676939487457,,,,,,,,,,,,,,,,,,
5,899,,,,,,,,,,,,,,,,,,0.00019908881222363561,0.00019908881222363561,2.1452245846376172e-07,,,,,,,,,,,,,,,
5,949,,,,,,,,,,,,,,,,,,0.0001989595766644925,0.0001989595766644925,2.1438319208755274e-07,,,,,,,,,,,,,,,
5,999,,,,,,,,,,,,,,,,,,0.00019882181368302554,0.00019882181368302554,2.1423475971005246e-07,,,,,,,,,,,,,,,
5,1025,,,,,,,,,,,,,,,,,,,,,0.9498806595802307,0.9868068695068359,0.9141108393669128,0.9796398878097534,0.9483146071434021,0.9866235852241516,0.9450756907463074,0.9868068695068359,0.9141108393669128,0.9796398878097534,0.9483146071434021,0.9416403770446777,0.9582664370536804,0.9866235852241516,0.9450756907463074
5,1025,28.93144989013672,20.808317184448242,27.995450973510742,28.894411087036133,23.105588912963867,0.009432891383767128,8.037177085876465,0.05197038874030113,0.2378678321838379,0.5076746344566345,2.6894781589508057,0.11690909415483475,0.5321177244186401,0.03677456080913544,0.17018701136112213,0.0374731682240963,0.17412105202674866,,,,,,,,,,,,,,,,,,
6,1049,,,,,,,,,,,,,,,,,,0.00019867555238306522,0.00019867555238306522,2.1407716133126087e-07,,,,,,,,,,,,,,,
6,1099,,,,,,,,,,,,,,,,,,0.00019852079276461154,0.00019852079276461154,2.1391039695117797e-07,,,,,,,,,,,,,,,
6,1149,,,,,,,,,,,,,,,,,,0.00019835754937957972,0.00019835754937957972,2.1373450920236792e-07,,,,,,,,,,,,,,,
6,1196,,,,,,,,,,,,,,,,,,,,,0.9515625238418579,0.9875501394271851,0.9193748235702515,0.9813980460166931,0.9520063996315002,0.9875501394271851,0.9483135342597961,0.9875501394271851,0.9193748235702515,0.9813980460166931,0.9520063996315002,0.9269406199455261,0.9775280952453613,0.9875501394271851,0.9483135342597961
6,1196,28.8099422454834,19.708251953125,27.744314193725586,28.776477813720703,23.755685806274414,0.0011518452083691955,7.966691970825195,0.050267741084098816,0.23600776493549347,0.504205584526062,2.7097482681274414,0.11450288444757462,0.5342699289321899,0.035696547478437424,0.16502685844898224,0.03649561479687691,0.16754481196403503,,,,,,,,,,,,,,,,,,
7,1199,,,,,,,,,,,,,,,,,,0.000198185836779885,0.000198185836779885,2.13549483873976e-07,,,,,,,,,,,,,,,
7,1249,,,,,,,,,,,,,,,,,,0.00019800566951744258,0.00019800566951744258,2.133553493877116e-07,,,,,,,,,,,,,,,
7,1299,,,,,,,,,,,,,,,,,,0.00019781707669608295,0.00019781707669608295,2.1315213416528422e-07,,,,,,,,,,,,,,,
7,1349,,,,,,,,,,,,,,,,,,0.0001976200583158061,0.0001976200583158061,2.1293983820669382e-07,,,,,,,,,,,,,,,
7,1367,,,,,,,,,,,,,,,,,,,,,0.9565903544425964,0.9879799485206604,0.9272356033325195,0.9837906956672668,0.9584269523620605,0.9879799485206604,0.9480955004692078,0.9879799485206604,0.9272356033325195,0.9837906956672668,0.9584269523620605,0.9409937858581543,0.9727126955986023,0.9879799485206604,0.9480955004692078
7,1367,28.772905349731445,21.487329483032227,27.822612762451172,28.624755859375,24.62215805053711,0.016819007694721222,7.857096195220947,0.04889664053916931,0.2328382283449173,0.4950612187385559,2.6454923152923584,0.11142683774232864,0.5221679210662842,0.0354977510869503,0.1668187975883484,0.03638552129268646,0.1694331169128418,,,,,,,,,,,,,,,,,,
8,1399,,,,,,,,,,,,,,,,,,0.00019741462892852724,0.00019741462892852724,2.1271847572279512e-07,,,,,,,,,,,,,,,
8,1449,,,,,,,,,,,,,,,,,,0.00019720081763807684,0.00019720081763807684,2.1248808934615226e-07,,,,,,,,,,,,,,,
8,1499,,,,,,,,,,,,,,,,,,0.0001969786244444549,0.0001969786244444549,2.1224869328761997e-07,,,,,,,,,,,,,,,
8,1538,,,,,,,,,,,,,,,,,,,,,0.9580364227294922,0.9886207580566406,0.9300102591514587,0.9878005385398865,0.9574638605117798,0.9886207580566406,0.9501045942306519,0.9886207580566406,0.9300102591514587,0.9878005385398865,0.9574638605117798,0.9453125,0.971107542514801,0.9886207580566406,0.9501045942306519
8,1538,28.8570499420166,22.318387985229492,28.116310119628906,28.790773391723633,24.51689338684082,-1.3236181075626519e-06,7.831818580627441,0.05003334581851959,0.23886550962924957,0.48828771710395813,2.563394784927368,0.11629179120063782,0.543999195098877,0.035071443766355515,0.162509024143219,0.03677525371313095,0.16865624487400055,,,,,,,,,,,,,,,,,,
9,1549,,,,,,,,,,,,,,,,,,0.00019674809300340712,0.00019674809300340712,2.1200028754719824e-07,,,,,,,,,,,,,,,
9,1599,,,,,,,,,,,,,,,,,,0.0001965092378668487,0.0001965092378668487,2.117429005465965e-07,,,,,,,,,,,,,,,
9,1649,,,,,,,,,,,,,,,,,,0.00019626205903477967,0.00019626205903477967,2.114765749183789e-07,,,,,,,,,,,,,,,
9,1699,,,,,,,,,,,,,,,,,,0.00019600661471486092,0.00019600661471486092,2.1120131066254544e-07,,,,,,,,,,,,,,,
9,1709,,,,,,,,,,,,,,,,,,,,,0.9599371552467346,0.9893671870231628,0.9372425079345703,0.9887896776199341,0.9598715901374817,0.9893671870231628,0.9513861536979675,0.9893671870231628,0.9372425079345703,0.9887896776199341,0.9598715901374817,0.9399999976158142,0.9807383418083191,0.9893671870231628,0.9513861536979675
9,1709,28.830734252929688,22.646198272705078,27.911630630493164,28.85087776184082,25.30539321899414,0.0046842400915920734,7.489396095275879,0.047149792313575745,0.22413410246372223,0.47266510128974915,2.4796290397644043,0.10901939868927002,0.5092542171478271,0.03440680354833603,0.15688291192054749,0.035501305013895035,0.1620357632637024,,,,,,,,,,,,,,,,,,
10,1749,,,,,,,,,,,,,,,,,,0.00019574289035517722,0.00019574289035517722,2.1091715041166026e-07,,,,,,,,,,,,,,,
10,1799,,,,,,,,,,,,,,,,,,0.00019547091505955905,0.00019547091505955905,2.1062409416572336e-07,,,,,,,,,,,,,,,
10,1849,,,,,,,,,,,,,,,,,,0.00019519073248375207,0.00019519073248375207,2.103221845572989e-07,,,,,,,,,,,,,,,
10,1880,,,,,,,,,,,,,,,,,,,,,0.9648711681365967,0.9906176328659058,0.9403223991394043,0.9901320338249207,0.9626003503799438,0.9906176328659058,0.9532480239868164,0.9906176328659058,0.9403223991394043,0.9901320338249207,0.9626003503799438,0.9392096996307373,0.9919742941856384,0.9906176328659058,0.9532480239868164
10,1880,29.06172752380371,23.435022354125977,28.460039138793945,28.887264251708984,24.915205001831055,-1.5615719348716084e-06,7.415177822113037,0.046988509595394135,0.22587984800338745,0.46847471594810486,2.4584572315216064,0.10692740976810455,0.5073544383049011,0.03361610695719719,0.15242443978786469,0.034896478056907654,0.1581314355134964,,,,,,,,,,,,,,,,,,
11,1899,,,,,,,,,,,,,,,,,,0.00019490235717967153,0.00019490235717967153,2.100114500080963e-07,,,,,,,,,,,,,,,
11,1949,,,,,,,,,,,,,,,,,,0.00019460580369923264,0.00019460580369923264,2.0969191893982497e-07,,,,,,,,,,,,,,,
11,1999,,,,,,,,,,,,,,,,,,0.00019430110114626586,0.00019430110114626586,2.0936359135248495e-07,,,,,,,,,,,,,,,
11,2049,,,,,,,,,,,,,,,,,,0.0001939882931765169,0.0001939882931765169,2.0902653830034978e-07,,,,,,,,,,,,,,,
11,2051,,,,,,,,,,,,,,,,,,,,,0.9668769836425781,0.9921332001686096,0.940855860710144,0.9918370246887207,0.9624398350715637,0.9921332001686096,0.956452488899231,0.9921332001686096,0.940855860710144,0.9918370246887207,0.9624398350715637,0.9503875970840454,0.9839486479759216,0.9921332001686096,0.956452488899231
11,2051,29.32358741760254,24.72254753112793,28.627031326293945,29.382715225219727,26.239116668701172,0.0024975782725960016,7.170871257781982,0.04583042114973068,0.21890078485012054,0.44408854842185974,2.351985216140747,0.10425326228141785,0.49153146147727966,0.03299981355667114,0.15088114142417908,0.03417281061410904,0.15386013686656952,,,,,,,,,,,,,,,,,,
12,2099,,,,,,,,,,,,,,,,,,0.00019366737978998572,0.00019366737978998572,2.0868074557256477e-07,,,,,,,,,,,,,,,
12,2149,,,,,,,,,,,,,,,,,,0.00019333840464241803,0.00019333840464241803,2.0832627001254878e-07,,,,,,,,,,,,,,,
12,2199,,,,,,,,,,,,,,,,,,0.00019300139683764428,0.00019300139683764428,2.0796314004201122e-07,,,,,,,,,,,,,,,
12,2222,,,,,,,,,,,,,,,,,,,,,0.9723756909370422,0.9932291507720947,0.9435457587242126,0.9929469227790833,0.965008020401001,0.9932291507720947,0.9566212892532349,0.9932291507720947,0.9435457587242126,0.9929469227790833,0.965008020401001,0.95652174949646,0.9887640476226807,0.9932291507720947,0.9566212892532349
12,2222,29.20142936706543,24.806692123413086,28.698505401611328,29.15334701538086,26.592592239379883,-1.4277229638537392e-06,6.973006725311279,0.045415010303258896,0.2133418619632721,0.42646390199661255,2.271649122238159,0.10310453921556473,0.48121315240859985,0.032858844846487045,0.1459835171699524,0.033474717289209366,0.15017719566822052,,,,,,,,,,,,,,,,,,
13,2249,,,,,,,,,,,,,,,,,,0.00019265638547949493,0.00019265638547949493,2.0759138408266153e-07,,,,,,,,,,,,,,,
13,2299,,,,,,,,,,,,,,,,,,0.00019230339967180043,0.00019230339967180043,2.0721103055620915e-07,,,,,,,,,,,,,,,
13,2349,,,,,,,,,,,,,,,,,,0.00019194245396647602,0.00019194245396647602,2.068221078843635e-07,,,,,,,,,,,,,,,
13,2393,,,,,,,,,,,,,,,,,,,,,0.9692186117172241,0.9933234453201294,0.945812463760376,0.9930479526519775,0.9666131734848022,0.9933234453201294,0.9567570090293884,0.9933234453201294,0.945812463760376,0.9930479526519775,0.9666131734848022,0.9534161686897278,0.9855538010597229,0.9933234453201294,0.9567570090293884
13,2393,29.201753616333008,24.90578269958496,28.870044708251953,29.155620574951172,26.712800979614258,-1.4723392496307497e-06,6.831328392028809,0.042926304042339325,0.2059827297925949,0.4192936420440674,2.238187074661255,0.09845252335071564,0.4645085632801056,0.03276410326361656,0.1458427757024765,0.03351074829697609,0.14855825901031494,,,,,,,,,,,,,,,,,,
14,2399,,,,,,,,,,,,,,,,,,0.0001915736065711826,0.0001915736065711826,2.0642465869968873e-07,,,,,,,,,,,,,,,
14,2449,,,,,,,,,,,,,,,,,,0.00019119687203783542,0.00019119687203783542,2.0601871142389427e-07,,,,,,,,,,,,,,,
14,2499,,,,,,,,,,,,,,,,,,0.0001908122794702649,0.0001908122794702649,2.0560430868954427e-07,,,,,,,,,,,,,,,
14,2549,,,,,,,,,,,,,,,,,,0.00019041987252421677,0.00019041987252421677,2.0518147891834815e-07,,,,,,,,,,,,,,,
14,2564,,,,,,,,,,,,,,,,,,,,,0.9707509875297546,0.9937418103218079,0.9497401118278503,0.9935287237167358,0.9703049659729004,0.9937418103218079,0.9583110809326172,0.9937418103218079,0.9497401118278503,0.9935287237167358,0.9703049659729004,0.9563862681388855,0.9855538010597229,0.9937418103218079,0.9583110809326172
14,2564,29.271604537963867,25.241714477539062,28.904808044433594,29.29499626159668,27.433073043823242,-1.576444105921837e-06,6.733498573303223,0.042895667254924774,0.20533691346645355,0.409572958946228,2.172668218612671,0.09801674634218216,0.46306997537612915,0.03209923952817917,0.14404051005840302,0.0328976996243,0.14854657649993896,,,,,,,,,,,,,,,,,,
15,2599,,,,,,,,,,,,,,,,,,0.00019001968030352145,0.00019001968030352145,2.0475026474287006e-07,,,,,,,,,,,,,,,
15,2649,,,,,,,,,,,,,,,,,,0.00018961173191200942,0.00018961173191200942,2.0431069458481943e-07,,,,,,,,,,,,,,,
15,2699,,,,,,,,,,,,,,,,,,0.00018919607100542635,0.00018919607100542635,2.0386282528761512e-07,,,,,,,,,,,,,,,
15,2735,,,,,,,,,,,,,,,,,,,,,0.9700787663459778,0.9931185245513916,0.9521680474281311,0.9928538203239441,0.9735152721405029,0.9931185245513916,0.9569472074508667,0.9931185245513916,0.9521680474281311,0.9928538203239441,0.9735152721405029,0.9520865678787231,0.9887640476226807,0.9931185245513916,0.9569472074508667
15,2735,29.309616088867188,25.05230712890625,28.485380172729492,29.200130462646484,27.293373107910156,0.0028545090463012457,6.7396416664123535,0.04351216182112694,0.20623371005058289,0.4037642478942871,2.180490493774414,0.09860924631357193,0.4639883041381836,0.03137066587805748,0.14175808429718018,0.03369748964905739,0.14946532249450684,,,,,,,,,,,,,,,,,,
16,2749,,,,,,,,,,,,,,,,,,0.00018877274123951793,0.00018877274123951793,2.0340667106211185e-07,,,,,,,,,,,,,,,
16,2799,,,,,,,,,,,,,,,,,,0.00018834175716619939,0.00018834175716619939,2.0294227454087377e-07,,,,,,,,,,,,,,,
16,2849,,,,,,,,,,,,,,,,,,0.00018790317699313164,0.00018790317699313164,2.0246969256731973e-07,,,,,,,,,,,,,,,
16,2899,,,,,,,,,,,,,,,,,,0.0001874570152722299,0.0001874570152722299,2.0198895356315916e-07,,,,,,,,,,,,,,,
16,2906,,,,,,,,,,,,,,,,,,,,,0.9698890447616577,0.993985652923584,0.9535219669342041,0.9937993884086609,0.9712680578231812,0.993985652923584,0.960278332233429,0.993985652923584,0.9535219669342041,0.9937993884086609,0.9712680578231812,0.9577465057373047,0.9823434948921204,0.993985652923584,0.960278332233429
16,2906,29.458740234375,25.894411087036133,29.054580688476562,29.499025344848633,27.76673126220703,-1.6359325627490762e-06,6.66448450088501,0.04216625541448593,0.20279282331466675,0.40132570266723633,2.124629497528076,0.09593173116445541,0.45526060461997986,0.032074224203825,0.14353492856025696,0.03428620472550392,0.15237410366535187,,,,,,,,,,,,,,,,,,
17,2949,,,,,,,,,,,,,,,,,,0.00018700334476307034,0.00018700334476307034,2.015001001609562e-07,,,,,,,,,,,,,,,
17,2999,,,,,,,,,,,,,,,,,,0.00018654216546565294,0.00018654216546565294,2.0100317499327502e-07,,,,,,,,,,,,,,,
17,3049,,,,,,,,,,,,,,,,,,0.00018607353558763862,0.00018607353558763862,2.0049822069267975e-07,,,,,,,,,,,,,,,
17,3077,,,,,,,,,,,,,,,,,,,,,0.972288191318512,0.9943127632141113,0.9553022980690002,0.9941885471343994,0.974638819694519,0.9943127632141113,0.9615136981010437,0.9943127632141113,0.9553022980690002,0.9941885471343994,0.974638819694519,0.9593750238418579,0.9855538010597229,0.9943127632141113,0.9615136981010437
17,3077,29.514944076538086,25.6900577545166,28.876867294311523,29.4346981048584,27.51689338684082,-1.3533623359762714e-06,6.724827766418457,0.04414710775017738,0.2103026956319809,0.4016784727573395,2.1496453285217285,0.10010259598493576,0.4717000722885132,0.03119785338640213,0.14081451296806335,0.03279653564095497,0.14672116935253143,,,,,,,,,,,,,,,,,,
18,3099,,,,,,,,,,,,,,,,,,0.00018559751333668828,0.00018559751333668828,1.9998527989173454e-07,,,,,,,,,,,,,,,
18,3149,,,,,,,,,,,,,,,,,,0.00018511409871280193,0.00018511409871280193,1.9946440943385824e-07,,,,,,,,,,,,,,,
18,3199,,,,,,,,,,,,,,,,,,0.00018462336447555572,0.00018462336447555572,1.9893563774076028e-07,,,,,,,,,,,,,,,
18,3248,,,,,,,,,,,,,,,,,,,,,0.9755327701568604,0.9937602877616882,0.9545917510986328,0.993665337562561,0.9752808809280396,0.9937602877616882,0.960370659828186,0.9937602877616882,0.9545917510986328,0.993665337562561,0.9752808809280396,0.9596273303031921,0.9919742941856384,0.9937602877616882,0.960370659828186
18,3248,29.44119644165039,24.668941497802734,29.001298904418945,29.452566146850586,27.19785499572754,-1.383106564389891e-06,6.620109558105469,0.04261660948395729,0.20478104054927826,0.39662981033325195,2.149780750274658,0.09822118282318115,0.46409234404563904,0.030795525759458542,0.13833937048912048,0.03194703161716461,0.14133477210998535,,,,,,,,,,,,,,,,,,
19,3249,,,,,,,,,,,,,,,,,,0.00018412535428069532,0.00018412535428069532,1.9839900744500483e-07,,,,,,,,,,,,,,,
19,3299,,,,,,,,,,,,,,,,,,0.0001836200972320512,0.0001836200972320512,1.9785457539001072e-07,,,,,,,,,,,,,,,
19,3349,,,,,,,,,,,,,,,,,,0.00018310763698536903,0.00018310763698536903,1.9730239841919683e-07,,,,,,,,,,,,,,,
19,3399,,,,,,,,,,,,,,,,,,0.0001825880171963945,0.0001825880171963945,1.9674249074341787e-07,,,,,,,,,,,,,,,
19,3419,,,,,,,,,,,,,,,,,,,,,0.9763033390045166,0.9940938949584961,0.9558919072151184,0.9939846992492676,0.9754413962364197,0.9940938949584961,0.9616531133651733,0.9940938949584961,0.9558919072151184,0.9939846992492676,0.9754413962364197,0.9611197710037231,0.9919742941856384,0.9940938949584961,0.9616531133651733
19,3419,29.321311950683594,26.124755859375,28.96263885498047,29.23554229736328,26.595842361450195,-1.4277229638537392e-06,6.852487087249756,0.04685515537858009,0.21963796019554138,0.40731316804885864,2.1635208129882812,0.10479674488306046,0.486304372549057,0.03096478432416916,0.14088337123394012,0.033020712435245514,0.14852844178676605,,,,,,,,,,,,,,,,,,
20,3449,,,,,,,,,,,,,,,,,,0.00018206129607278854,0.00018206129607278854,1.9617493762780214e-07,,,,,,,,,,,,,,,
20,3499,,,,,,,,,,,,,,,,,,0.00018152750271838158,0.00018152750271838158,1.9559976749405905e-07,,,,,,,,,,,,,,,
20,3549,,,,,,,,,,,,,,,,,,0.00018098669534083456,0.00018098669534083456,1.9501703718560748e-07,,,,,,,,,,,,,,,
20,3590,,,,,,,,,,,,,,,,,,,,,0.975416362285614,0.9942925572395325,0.9572281837463379,0.9940469861030579,0.9760834574699402,0.9942925572395325,0.9596551656723022,0.9942925572395325,0.9572281837463379,0.9940469861030579,0.9760834574699402,0.9639498591423035,0.9871588945388794,0.9942925572395325,0.9596551656723022
20,3590,29.470760345458984,25.102989196777344,28.779401779174805,29.397335052490234,26.698829650878906,-1.7102930769397062e-06,6.783337593078613,0.045598626136779785,0.21247099339962006,0.4014328122138977,2.1978299617767334,0.10228291153907776,0.4752952456474304,0.03100559487938881,0.13875961303710938,0.03268086910247803,0.1452682465314865,,,,,,,,,,,,,,,,,,
21,3599,,,,,,,,,,,,,,,,,,0.00018043891759589314,0.00018043891759589314,1.9442678933501156e-07,,,,,,,,,,,,,,,
21,3649,,,,,,,,,,,,,,,,,,0.00017988421313930303,0.00017988421313930303,1.9382908078569017e-07,,,,,,,,,,,,,,,
21,3699,,,,,,,,,,,,,,,,,,0.0001793226256268099,0.0001793226256268099,1.9322396838106215e-07,,,,,,,,,,,,,,,
21,3749,,,,,,,,,,,,,,,,,,0.00017875421326607466,0.00017875421326607466,1.9261148054283694e-07,,,,,,,,,,,,,,,
21,3761,,,,,,,,,,,,,,,,,,,,,0.9753772616386414,0.9934831261634827,0.9558064937591553,0.9933642148971558,0.974638819694519,0.9934831261634827,0.9589501023292542,0.9934831261634827,0.9558064937591553,0.9933642148971558,0.974638819694519,0.9654088020324707,0.9855538010597229,0.9934831261634827,0.9589501023292542
21,3761,29.453540802001953,25.429500579833984,28.717023849487305,29.501625061035156,27.792722702026367,0.001872741268016398,6.488160133361816,0.0423356331884861,0.20314107835292816,0.38532668352127075,2.098289966583252,0.09639708697795868,0.45795005559921265,0.029430801048874855,0.13342277705669403,0.031052011996507645,0.13978685438632965,,,,,,,,,,,,,,,,,,
22,3799,,,,,,,,,,,,,,,,,,0.000178179019712843,0.000178179019712843,1.9199170253614284e-07,,,,,,,,,,,,,,,
22,3849,,,,,,,,,,,,,,,,,,0.0001775970886228606,0.0001775970886228606,1.9136466278268927e-07,,,,,,,,,,,,,,,
22,3899,,,,,,,,,,,,,,,,,,0.00017700849275570363,0.00017700849275570363,1.907304323367498e-07,,,,,,,,,,,,,,,
22,3932,,,,,,,,,,,,,,,,,,,,,0.9747235178947449,0.9944687485694885,0.956994354724884,0.9944687485694885,0.9743177890777588,0.9944687485694885,0.9621585607528687,0.9944687485694885,0.956994354724884,0.9944687485694885,0.9743177890777588,0.9595645666122437,0.9903692007064819,0.9944687485694885,0.9621585607528687
22,3932,29.45484161376953,26.255361557006836,29.16016960144043,29.458740234375,27.935672760009766,-1.6061883343354566e-06,6.286122798919678,0.03983293101191521,0.1943909376859665,0.3684951066970825,2.002014398574829,0.09170268476009369,0.43947240710258484,0.029627149924635887,0.13412490487098694,0.03142379969358444,0.14125339686870575,,,,,,,,,,,,,,,,,,
23,3949,,,,,,,,,,,,,,,,,,0.00017641324666328728,0.00017641324666328728,1.900890538308886e-07,,,,,,,,,,,,,,,
23,3999,,,,,,,,,,,,,,,,,,0.00017581143765710294,0.00017581143765710294,1.894405841085245e-07,,,,,,,,,,,,,,,
23,4049,,,,,,,,,,,,,,,,,,0.00017520309484098107,0.00017520309484098107,1.8878508001307637e-07,,,,,,,,,,,,,,,
23,4099,,,,,,,,,,,,,,,,,,0.00017458827642258257,0.00017458827642258257,1.881226125988178e-07,,,,,,,,,,,,,,,
23,4103,,,,,,,,,,,,,,,,,,,,,0.9745628237724304,0.9945135712623596,0.9598546028137207,0.9944078922271729,0.9776886105537415,0.9945135712623596,0.9622319936752319,0.9945135712623596,0.9598546028137207,0.9944078922271729,0.9776886105537415,0.965354323387146,0.9839486479759216,0.9945135712623596,0.9622319936752319
23,4103,29.443145751953125,26.44119644165039,29.108186721801758,29.497726440429688,27.814815521240234,-1.4872114206809783e-06,6.371647834777832,0.04238315671682358,0.2013300210237503,0.37574464082717896,2.0173802375793457,0.09683628380298615,0.45301586389541626,0.02948955073952675,0.13230888545513153,0.03135444223880768,0.1388988494873047,,,,,,,,,,,,,,,,,,
24,4149,,,,,,,,,,,,,,,,,,0.00017396704060956836,0.00017396704060956836,1.874532102874582e-07,,,,,,,,,,,,,,,
24,4199,,,,,,,,,,,,,,,,,,0.00017333944560959935,0.00017333944560959935,1.867769583441259e-07,,,,,,,,,,,,,,,
24,4249,,,,,,,,,,,,,,,,,,0.000172705520526506,0.000172705520526506,1.8609388519053027e-07,,,,,,,,,,,,,,,
24,4274,,,,,,,,,,,,,,,,,,,,,0.9747235178947449,0.9945728778839111,0.9575276970863342,0.9944349527359009,0.9733547568321228,0.9945728778839111,0.9627053141593933,0.9945728778839111,0.9575276970863342,0.9944349527359009,0.9733547568321228,0.9595645666122437,0.9903692007064819,0.9945728778839111,0.9627053141593933
24,4274,29.555879592895508,27.14262580871582,29.50617218017578,29.735218048095703,27.91033172607422,0.020566824823617935,6.345736980438232,0.04099950194358826,0.2005806565284729,0.36946406960487366,1.9833762645721436,0.09329149127006531,0.4480423331260681,0.030755311250686646,0.13471481204032898,0.03258495032787323,0.14240960776805878,,,,,,,,,,,,,,,,,,
25,4299,,,,,,,,,,,,,,,,,,0.00017206533811986446,0.00017206533811986446,1.8540409030265437e-07,,,,,,,,,,,,,,,
25,4349,,,,,,,,,,,,,,,,,,0.00017141895659733564,0.00017141895659733564,1.847075878913529e-07,,,,,,,,,,,,,,,
25,4399,,,,,,,,,,,,,,,,,,0.0001707664196146652,0.0001707664196146652,1.8400447743260884e-07,,,,,,,,,,,,,,,
25,4445,,,,,,,,,,,,,,,,,,,,,0.9763407111167908,0.9947893619537354,0.9560155868530273,0.9947893619537354,0.9725521802902222,0.9947893619537354,0.9630026817321777,0.9947893619537354,0.9560155868530273,0.9947893619537354,0.9725521802902222,0.9596899151802063,0.9935794472694397,0.9947893619537354,0.9630026817321777
25,4445,29.48278045654297,27.67771339416504,29.473033905029297,29.495777130126953,28.405458450317383,-1.5466998775082175e-06,6.201941013336182,0.04197465255856514,0.20124006271362305,0.36713510751724243,1.9096304178237915,0.0941476970911026,0.4445492923259735,0.02891719527542591,0.13045735657215118,0.030727924779057503,0.13623902201652527,,,,,,,,,,,,,,,,,,
26,4449,,,,,,,,,,,,,,,,,,0.00017010779993142933,0.00017010779993142933,1.8329480155898636e-07,,,,,,,,,,,,,,,
26,4499,,,,,,,,,,,,,,,,,,0.00016944314120337367,0.00016944314120337367,1.8257860290304961e-07,,,,,,,,,,,,,,,
26,4549,,,,,,,,,,,,,,,,,,0.00016877250163815916,0.00016877250163815916,1.818559809407816e-07,,,,,,,,,,,,,,,
26,4599,,,,,,,,,,,,,,,,,,0.0001680959394434467,0.0001680959394434467,1.8112697830474644e-07,,,,,,,,,,,,,,,
26,4616,,,,,,,,,,,,,,,,,,,,,0.9770750999450684,0.9940760731697083,0.9594944715499878,0.9940279722213745,0.9744783043861389,0.9940760731697083,0.962661623954773,0.9940760731697083,0.9594944715499878,0.9940279722213745,0.9744783043861389,0.9626168012619019,0.9919742941856384,0.9940760731697083,0.962661623954773
26,4616,29.526639938354492,27.695905685424805,29.457115173339844,29.508447647094727,27.761857986450195,-1.4574671922673588e-06,6.276906490325928,0.04178319871425629,0.20049813389778137,0.3656770586967468,1.9368208646774292,0.09369055926799774,0.4427763521671295,0.030223539099097252,0.13517674803733826,0.03165594860911369,0.1409567892551422,,,,,,,,,,,,,,,,,,
27,4649,,,,,,,,,,,,,,,,,,0.0001674135128268972,0.0001674135128268972,1.8039165183836303e-07,,,,,,,,,,,,,,,
27,4699,,,,,,,,,,,,,,,,,,0.00016672529454808682,0.00016672529454808682,1.7965007259590493e-07,,,,,,,,,,,,,,,
27,4749,,,,,,,,,,,,,,,,,,0.000166031313710846,0.000166031313710846,1.78902297420791e-07,,,,,,,,,,,,,,,
27,4787,,,,,,,,,,,,,,,,,,,,,0.9778481125831604,0.9943733215332031,0.9595694541931152,0.9943088293075562,0.9767255187034607,0.9943733215332031,0.9647888541221619,0.9943733215332031,0.9595694541931152,0.9943088293075562,0.9767255187034607,0.9641185402870178,0.9919742941856384,0.9943733215332031,0.9647888541221619
27,4787,29.435997009277344,27.591943740844727,29.362897872924805,29.46881103515625,28.108837127685547,0.005996138788759708,5.969390869140625,0.0381690189242363,0.18811450898647308,0.3448564410209656,1.8637746572494507,0.08651228994131088,0.4200628697872162,0.028599938377738,0.1279970407485962,0.03076331689953804,0.13587835431098938,,,,,,,,,,,,,,,,,,
28,4799,,,,,,,,,,,,,,,,,,0.00016533165762666613,0.00016533165762666613,1.7814841157814953e-07,,,,,,,,,,,,,,,
28,4849,,,,,,,,,,,,,,,,,,0.0001646263845032081,0.0001646263845032081,1.7738844348968996e-07,,,,,,,,,,,,,,,
28,4899,,,,,,,,,,,,,,,,,,0.0001639155379962176,0.0001639155379962176,1.7662250684225e-07,,,,,,,,,,,,,,,
28,4949,,,,,,,,,,,,,,,,,,0.0001631991908652708,0.0001631991908652708,1.7585061584668438e-07,,,,,,,,,,,,,,,
28,4958,,,,,,,,,,,,,,,,,,,,,0.9777424335479736,0.994579553604126,0.9602756500244141,0.994579553604126,0.9772070646286011,0.994579553604126,0.9628527164459229,0.994579553604126,0.9602756500244141,0.994579553604126,0.9772070646286011,0.9685039520263672,0.9871588945388794,0.994579553604126,0.9628527164459229
28,4958,29.581220626831055,27.977907180786133,29.57537269592285,29.679012298583984,28.596166610717773,-1.5615719348716084e-06,5.960299968719482,0.03782101720571518,0.1840440332889557,0.3497074842453003,1.851122498512268,0.0863967314362526,0.41472935676574707,0.029387233778834343,0.12951014935970306,0.03161827474832535,0.13906310498714447,,,,,,,,,,,,,,,,,,
29,4999,,,,,,,,,,,,,,,,,,0.00016247740131802857,0.00016247740131802857,1.750728841898308e-07,,,,,,,,,,,,,,,
29,5049,,,,,,,,,,,,,,,,,,0.00016175024211406708,0.00016175024211406708,1.742893402933987e-07,,,,,,,,,,,,,,,
29,5099,,,,,,,,,,,,,,,,,,0.000161017756909132,0.000161017756909132,1.735000694225164e-07,,,,,,,,,,,,,,,
29,5129,,,,,,,,,,,,,,,,,,,,,0.9786561131477356,0.994129478931427,0.9616847038269043,0.994129478931427,0.9776886105537415,0.994129478931427,0.9640109539031982,0.994129478931427,0.9616847038269043,0.994129478931427,0.9776886105537415,0.9641744494438171,0.9935794472694397,0.994129478931427,0.9640109539031982
29,5129,29.530864715576172,27.838207244873047,29.414878845214844,29.557180404663086,28.160818099975586,0.002298901556059718,5.937162399291992,0.03866356611251831,0.186039999127388,0.3467698395252228,1.859471082687378,0.08823990821838379,0.4185752868652344,0.02833908423781395,0.1266799122095108,0.03019885905086994,0.13353656232357025,,,,,,,,,,,,,,,,,,
30,5149,,,,,,,,,,,,,,,,,,0.0001602800184627995,0.0001602800184627995,1.7270514263145742e-07,,,,,,,,,,,,,,,
30,5199,,,,,,,,,,,,,,,,,,0.00015953708498273045,0.00015953708498273045,1.7190463097449538e-07,,,,,,,,,,,,,,,
30,5249,,,,,,,,,,,,,,,,,,0.00015878902922850102,0.00015878902922850102,1.710985770841944e-07,,,,,,,,,,,,,,,
30,5299,,,,,,,,,,,,,,,,,,0.00015803592395968735,0.00015803592395968735,1.702870804365375e-07,,,,,,,,,,,,,,,
30,5300,,,,,,,,,,,,,,,,,,,,,0.9771473407745361,0.9935051202774048,0.9606269598007202,0.9933325052261353,0.9776886105537415,0.9935051202774048,0.9654120802879333,0.9935051202774048,0.9606269598007202,0.9933325052261353,0.9776886105537415,0.9597523212432861,0.995184600353241,0.9935051202774048,0.9654120802879333
30,5300,29.64522361755371,27.915205001831055,29.585445404052734,29.557828903198242,28.426576614379883,-1.5020834780443693e-06,5.878331184387207,0.0380379892885685,0.1850098967552185,0.34868302941322327,1.8271362781524658,0.08812416344881058,0.42072170972824097,0.027719911187887192,0.12384666502475739,0.02998707816004753,0.1323622167110443,,,,,,,,,,,,,,,,,,
31,5349,,,,,,,,,,,,,,,,,,0.00015727781283203512,0.00015727781283203512,1.6947019787494355e-07,,,,,,,,,,,,,,,
31,5399,,,,,,,,,,,,,,,,,,0.00015651476860512048,0.00015651476860512048,1.6864801466454082e-07,,,,,,,,,,,,,,,
31,5449,,,,,,,,,,,,,,,,,,0.00015574686403851956,0.00015574686403851956,1.6782057343789347e-07,,,,,,,,,,,,,,,
31,5471,,,,,,,,,,,,,,,,,,,,,0.9776714444160461,0.9941898584365845,0.9652083516120911,0.9928831458091736,0.9812198877334595,0.9941898584365845,0.9669895768165588,0.9941898584365845,0.9652083516120911,0.9928831458091736,0.9812198877334595,0.9714738726615906,0.9839486479759216,0.9941898584365845,0.9669895768165588
31,5471,29.529890060424805,28.10038948059082,29.532487869262695,29.55620574951172,28.269981384277344,0.002604910172522068,5.767024993896484,0.036876335740089417,0.179896742105484,0.3345394432544708,1.7953872680664062,0.08404303342103958,0.4038465917110443,0.028055330738425255,0.12523627281188965,0.029738252982497215,0.1324613094329834,,,,,,,,,,,,,,,,,,
32,5499,,,,,,,,,,,,,,,,,,0.00015497415733989328,0.00015497415733989328,1.6698795946012979e-07,,,,,,,,,,,,,,,
32,5549,,,,,,,,,,,,,,,,,,0.00015419670671690255,0.00015419670671690255,1.6615025799637806e-07,,,,,,,,,,,,,,,
32,5599,,,,,,,,,,,,,,,,,,0.00015341459948103875,0.00015341459948103875,1.6530752589005715e-07,,,,,,,,,,,,,,,
32,5642,,,,,,,,,,,,,,,,,,,,,0.9793650507926941,0.9938020706176758,0.9589338898658752,0.9881719350814819,0.9778491258621216,0.9938020706176758,0.9656563401222229,0.9938020706176758,0.9589338898658752,0.9881719350814819,0.9778491258621216,0.9686028361320496,0.9903692007064819,0.9938020706176758,0.9656563401222229
32,5642,29.498374938964844,27.950292587280273,29.414878845214844,29.55620574951172,28.52046775817871,-1.576444105921837e-06,5.943885326385498,0.040163468569517136,0.1901317685842514,0.35241374373435974,1.8125460147857666,0.09133553504943848,0.42496588826179504,0.028084110468626022,0.12605132162570953,0.03054645285010338,0.13428744673728943,,,,,,,,,,,,,,,,,,
33,5649,,,,,,,,,,,,,,,,,,0.000152627908391878,0.000152627908391878,1.6445983419544064e-07,,,,,,,,,,,,,,,
33,5699,,,,,,,,,,,,,,,,,,0.0001518366625532508,0.0001518366625532508,1.636072539668021e-07,,,,,,,,,,,,,,,
33,5749,,,,,,,,,,,,,,,,,,0.0001510409638285637,0.0001510409638285637,1.627498704692698e-07,,,,,,,,,,,,,,,
33,5799,,,,,,,,,,,,,,,,,,0.00015024087042547762,0.00015024087042547762,1.6188775475711736e-07,,,,,,,,,,,,,,,
33,5813,,,,,,,,,,,,,,,,,,,,,0.9817894101142883,0.9933649897575378,0.961968183517456,0.9932156205177307,0.9807383418083191,0.9933649897575378,0.9663839936256409,0.9933649897575378,0.961968183517456,0.9932156205177307,0.9807383418083191,0.96875,0.995184600353241,0.9933649897575378,0.9663839936256409
33,5813,29.58739471435547,28.28557586669922,29.483430862426758,29.581871032714844,28.61858367919922,-1.516955649094598e-06,5.79962682723999,0.03798675164580345,0.18254853785037994,0.3399120569229126,1.780910849571228,0.08719321340322495,0.41301000118255615,0.028079595416784286,0.12399280071258545,0.03082089312374592,0.13225090503692627,,,,,,,,,,,,,,,,,,
34,5849,,,,,,,,,,,,,,,,,,0.00014943645510356873,0.00014943645510356873,1.6102097788461833e-07,,,,,,,,,,,,,,,
34,5899,,,,,,,,,,,,,,,,,,0.00014862777607049793,0.00014862777607049793,1.601496109060463e-07,,,,,,,,,,,,,,,
34,5949,,,,,,,,,,,,,,,,,,0.00014781492063775659,0.00014781492063775659,1.5927373908652953e-07,,,,,,,,,,,,,,,
34,5984,,,,,,,,,,,,,,,,,,,,,0.9825673699378967,0.9926356673240662,0.9612172842025757,0.9924916625022888,0.9799357652664185,0.9926356673240662,0.9659463167190552,0.9926356673240662,0.9612172842025757,0.9924916625022888,0.9799357652664185,0.9702660441398621,0.995184600353241,0.9926356673240662,0.9659463167190552
34,5984,29.54515838623047,28.166017532348633,29.55198097229004,29.5805721282959,28.741714477539062,0.0007877759053371847,5.620300769805908,0.03635498881340027,0.17571954429149628,0.3277190625667572,1.7256598472595215,0.0834101065993309,0.3964141011238098,0.02760375663638115,0.12224111706018448,0.02990550920367241,0.12962928414344788,,,,,,,,,,,,,,,,,,
35,5999,,,,,,,,,,,,,,,,,,0.00014699794701300561,0.00014699794701300561,1.5839343348034163e-07,,,,,,,,,,,,,,,
35,6049,,,,,,,,,,,,,,,,,,0.00014617691340390593,0.00014617691340390593,1.5750875093090144e-07,,,,,,,,,,,,,,,
35,6099,,,,,,,,,,,,,,,,,,0.00014535192167386413,0.00014535192167386413,1.566198051250467e-07,,,,,,,,,,,,,,,
35,6149,,,,,,,,,,,,,,,,,,0.0001445230154786259,0.0001445230154786259,1.5572663869534153e-07,,,,,,,,,,,,,,,
35,6155,,,,,,,,,,,,,,,,,,,,,0.9832935333251953,0.9933804869651794,0.9642258286476135,0.9931978583335876,0.9826645255088806,0.9933804869651794,0.9660087823867798,0.9933804869651794,0.9642258286476135,0.9931978583335876,0.9826645255088806,0.9747633934020996,0.9919742941856384,0.9933804869651794,0.9660087823867798
35,6155,29.52794075012207,28.28135108947754,29.424301147460938,29.53183937072754,28.52501678466797,0.0012479934375733137,5.547861099243164,0.03494846448302269,0.17064900696277618,0.3228081464767456,1.715405821800232,0.08126230537891388,0.38848766684532166,0.027297616004943848,0.12212815880775452,0.02957160212099552,0.12943445146083832,,,,,,,,,,,,,,,,,,
36,6199,,,,,,,,,,,,,,,,,,0.0001436902821296826,0.0001436902821296826,1.5482935111776897e-07,,,,,,,,,,,,,,,
36,6249,,,,,,,,,,,,,,,,,,0.00014285377983469516,0.00014285377983469516,1.5392799923574785e-07,,,,,,,,,,,,,,,
36,6299,,,,,,,,,,,,,,,,,,0.00014201359590515494,0.00014201359590515494,1.530226825252612e-07,,,,,,,,,,,,,,,
36,6326,,,,,,,,,,,,,,,,,,,,,0.981702446937561,0.9939125180244446,0.9674410820007324,0.9937886595726013,0.9833065867424011,0.9939125180244446,0.9676065444946289,0.9939125180244446,0.9674410820007324,0.9937886595726013,0.9833065867424011,0.9731861352920532,0.9903692007064819,0.9939125180244446,0.9676065444946289
36,6326,29.55523109436035,28.57602310180664,29.609811782836914,29.634828567504883,28.988304138183594,-1.6954210195763153e-06,5.6917924880981445,0.0380648672580719,0.18073779344558716,0.33459463715553284,1.7394545078277588,0.08728242665529251,0.4087296724319458,0.027119215577840805,0.12145256251096725,0.029258273541927338,0.12851117551326752,,,,,,,,,,,,,,,,,,
37,6349,,,,,,,,,,,,,,,,,,0.00014116978854872286,0.00014116978854872286,1.5211345782972785e-07,,,,,,,,,,,,,,,
37,6399,,,,,,,,,,,,,,,,,,0.00014032243052497506,0.00014032243052497506,1.5120042462513084e-07,,,,,,,,,,,,,,,
37,6449,,,,,,,,,,,,,,,,,,0.0001394716091454029,0.0001394716091454029,1.5028365396574372e-07,,,,,,,,,,,,,,,
37,6497,,,,,,,,,,,,,,,,,,,,,0.9808917045593262,0.9941349625587463,0.9654846787452698,0.9924376606941223,0.9817014336585999,0.9941349625587463,0.9656970500946045,0.9941349625587463,0.9654846787452698,0.9924376606941223,0.9817014336585999,0.9731437563896179,0.9887640476226807,0.9941349625587463,0.9656970500946045
37,6497,29.49317741394043,28.407732009887695,29.545808792114258,29.577648162841797,28.884340286254883,-1.576444105921837e-06,5.579553127288818,0.03640446439385414,0.1762075573205948,0.32604432106018066,1.7233647108078003,0.08321721106767654,0.39732521772384644,0.02672773413360119,0.11859722435474396,0.02906431257724762,0.1268109828233719,,,,,,,,,,,,,,,,,,
38,6499,,,,,,,,,,,,,,,,,,0.00013861739716958255,0.00013861739716958255,1.4936320269498538e-07,,,,,,,,,,,,,,,
38,6549,,,,,,,,,,,,,,,,,,0.0001377598528051749,0.0001377598528051749,1.484391844996935e-07,,,,,,,,,,,,,,,
38,6599,,,,,,,,,,,,,,,,,,0.00013689904881175607,0.00013689904881175607,1.47511656223287e-07,,,,,,,,,,,,,,,
38,6649,,,,,,,,,,,,,,,,,,0.0001360350870527327,0.0001360350870527327,1.4658071734174882e-07,,,,,,,,,,,,,,,
38,6668,,,,,,,,,,,,,,,,,,,,,0.9809221029281616,0.9912485480308533,0.9636949896812439,0.9911372661590576,0.9812198877334595,0.9912485480308533,0.9647462368011475,0.9912485480308533,0.9636949896812439,0.9911372661590576,0.9812198877334595,0.9716535210609436,0.9903692007064819,0.9912485480308533,0.9647462368011475
38,6668,29.519817352294922,28.400259017944336,29.51754379272461,29.55490493774414,28.69070816040039,-1.6805488485260867e-06,5.601802349090576,0.03659231588244438,0.17659087479114532,0.3261680006980896,1.7219607830047607,0.08426662534475327,0.39910051226615906,0.026990056037902832,0.12021062523126602,0.02923615649342537,0.12776784598827362,,,,,,,,,,,,,,,,,,
39,6699,,,,,,,,,,,,,,,,,,0.00013516801118385047,0.00013516801118385047,1.4564642469849787e-07,,,,,,,,,,,,,,,
39,6749,,,,,,,,,,,,,,,,,,0.00013429790851660073,0.00013429790851660073,1.4470886355866242e-07,,,,,,,,,,,,,,,
39,6799,,,,,,,,,,,,,,,,,,0.00013342485181055963,0.00013342485181055963,1.4376813339822547e-07,,,,,,,,,,,,,,,
39,6839,,,,,,,,,,,,,,,,,,,,,0.9833201169967651,0.9908736944198608,0.9630157947540283,0.990386426448822,0.9812198877334595,0.9908736944198608,0.9656731486320496,0.9908736944198608,0.9630157947540283,0.990386426448822,0.9812198877334595,0.9732704162597656,0.9935794472694397,0.9908736944198608,0.9656731486320496
39,6839,29.558155059814453,28.30896759033203,29.595191955566406,29.546783447265625,28.7706298828125,-1.6061883343354566e-06,5.576748847961426,0.036895062774419785,0.17632584273815155,0.32503578066825867,1.7186172008514404,0.08437225222587585,0.3971191942691803,0.02666601724922657,0.11850772053003311,0.028968291357159615,0.12665995955467224,,,,,,,,,,,,,,,,,,
40,6849,,,,,,,,,,,,,,,,,,0.00013254891382530332,0.00013254891382530332,1.428242910606059e-07,,,,,,,,,,,,,,,
40,6899,,,,,,,,,,,,,,,,,,0.00013167018187232316,0.00013167018187232316,1.418774360217867e-07,,,,,,,,,,,,,,,
40,6949,,,,,,,,,,,,,,,,,,0.0001307887287111953,0.0001307887287111953,1.4092765354689618e-07,,,,,,,,,,,,,,,
40,6999,,,,,,,,,,,,,,,,,,0.00012990461254958063,0.00012990461254958063,1.3997500047935318e-07,,,,,,,,,,,,,,,
40,7010,,,,,,,,,,,,,,,,,,,,,0.9848121404647827,0.9928940534591675,0.9631674289703369,0.992598831653595,0.9799357652664185,0.9928940534591675,0.9682495594024658,0.9928940534591675,0.9631674289703369,0.992598831653595,0.9799357652664185,0.9808917045593262,0.9887640476226807,0.9928940534591675,0.9682495594024658
40,7010,29.457115173339844,28.57537269592285,29.507797241210938,29.499025344848633,28.93079948425293,-1.576444105921837e-06,5.693264961242676,0.03883495554327965,0.182047501206398,0.33446282148361206,1.7248419523239136,0.08847013860940933,0.4091857671737671,0.027002187445759773,0.12089721858501434,0.029372891411185265,0.12957458198070526,,,,,,,,,,,,,,,,,,
41,7049,,,,,,,,,,,,,,,,,,0.00012901792069897056,0.00012901792069897056,1.3901957629514072e-07,,,,,,,,,,,,,,,
41,7099,,,,,,,,,,,,,,,,,,0.00012812874047085643,0.00012812874047085643,1.3806145204853237e-07,,,,,,,,,,,,,,,
41,7149,,,,,,,,,,,,,,,,,,0.00012723713007289916,0.00012723713007289916,1.3710072721551114e-07,,,,,,,,,,,,,,,
41,7181,,,,,,,,,,,,,,,,,,,,,0.9833201169967651,0.9906490445137024,0.9624478816986084,0.9906490445137024,0.9799357652664185,0.9906490445137024,0.9648038744926453,0.9906490445137024,0.9624478816986084,0.9906490445137024,0.9799357652664185,0.9732704162597656,0.9935794472694397,0.9906490445137024,0.9648038744926453
41,7181,29.484081268310547,28.74561309814453,29.44801902770996,29.501625061035156,28.97270965576172,-1.3682345070265e-06,5.456482887268066,0.03470253571867943,0.16991029679775238,0.3145987391471863,1.6618915796279907,0.08114078640937805,0.38963261246681213,0.02652931772172451,0.11808347702026367,0.029566753655672073,0.12889692187309265,,,,,,,,,,,,,,,,,,
42,7199,,,,,,,,,,,,,,,,,,0.00012634317681659013,0.00012634317681659013,1.361374728503506e-07,,,,,,,,,,,,,,,
42,7249,,,,,,,,,,,,,,,,,,0.00012544695346150547,0.00012544695346150547,1.3517178842903377e-07,,,,,,,,,,,,,,,
42,7299,,,,,,,,,,,,,,,,,,0.00012454854731913656,0.00012454854731913656,1.342037307949795e-07,,,,,,,,,,,,,,,
42,7349,,,,,,,,,,,,,,,,,,0.00012364803114905953,0.00012364803114905953,1.3323338521331607e-07,,,,,,,,,,,,,,,
42,7352,,,,,,,,,,,,,,,,,,,,,0.9848846197128296,0.9911696314811707,0.9617744088172913,0.9910882115364075,0.9799357652664185,0.9911696314811707,0.9647641777992249,0.9911696314811707,0.9617744088172913,0.9910882115364075,0.9799357652664185,0.9763407111167908,0.9935794472694397,0.9911696314811707,0.9647641777992249
42,7352,29.400585174560547,28.623456954956055,29.3781681060791,29.387264251708984,29.074398040771484,-1.7102930769397062e-06,5.4293694496154785,0.03476879745721817,0.16868804395198822,0.3132530748844147,1.645775318145752,0.08189491927623749,0.3894006609916687,0.026630792766809464,0.1183663159608841,0.029130466282367706,0.12796521186828613,,,,,,,,,,,,,,,,,,
43,7399,,,,,,,,,,,,,,,,,,0.0001227454631589353,0.0001227454631589353,1.3226086537088122e-07,,,,,,,,,,,,,,,
43,7449,,,,,,,,,,,,,,,,,,0.00012184094521217048,0.00012184094521217048,1.312862281110938e-07,,,,,,,,,,,,,,,
43,7499,,,,,,,,,,,,,,,,,,0.0001209345500683412,0.0001209345500683412,1.3030955869908212e-07,,,,,,,,,,,,,,,
43,7523,,,,,,,,,,,,,,,,,,,,,0.9841017723083496,0.9907310009002686,0.9621161818504333,0.990666389465332,0.9804173111915588,0.9907310009002686,0.9648756980895996,0.9907310009002686,0.9621161818504333,0.990666389465332,0.9804173111915588,0.9748031497001648,0.9935794472694397,0.9907310009002686,0.9648756980895996
43,7523,29.525341033935547,28.639375686645508,29.480831146240234,29.557180404663086,29.06627655029297,-1.5020834780443693e-06,5.443931579589844,0.03573315590620041,0.1736162304878235,0.31473517417907715,1.6445629596710205,0.08070092648267746,0.3871448338031769,0.02661694772541523,0.11870145797729492,0.028819533064961433,0.12630154192447662,,,,,,,,,,,,,,,,,,
44,7549,,,,,,,,,,,,,,,,,,0.00012002634321106598,0.00012002634321106598,1.2933095661082916e-07,,,,,,,,,,,,,,,
44,7599,,,,,,,,,,,,,,,,,,0.00011911641922779381,0.00011911641922779381,1.2835049290060851e-07,,,,,,,,,,,,,,,
44,7649,,,,,,,,,,,,,,,,,,0.00011820485087810084,0.00011820485087810084,1.2736825283354847e-07,,,,,,,,,,,,,,,
44,7694,,,,,,,,,,,,,,,,,,,,,0.9832935333251953,0.9919676184654236,0.9646106362342834,0.9919676184654236,0.9812198877334595,0.9919676184654236,0.9672065377235413,0.9919676184654236,0.9646106362342834,0.9919676184654236,0.9812198877334595,0.9747633934020996,0.9919742941856384,0.9919676184654236,0.9672065377235413
44,7694,29.500974655151367,28.807342529296875,29.43437385559082,29.517868041992188,29.19818115234375,-1.6210603916988475e-06,5.28826379776001,0.03391476720571518,0.1646755486726761,0.30556631088256836,1.5975579023361206,0.07849570363759995,0.37513262033462524,0.026153331622481346,0.1167517751455307,0.028594400733709335,0.1254868507385254,,,,,,,,,,,,,,,,,,
45,7699,,,,,,,,,,,,,,,,,,0.00011729171092156321,0.00011729171092156321,1.263843216747773e-07,,,,,,,,,,,,,,,
45,7749,,,,,,,,,,,,,,,,,,0.00011637708666967228,0.00011637708666967228,1.2539879890027805e-07,,,,,,,,,,,,,,,
45,7799,,,,,,,,,,,,,,,,,,0.00011546104360604659,0.00011546104360604659,1.2441174135346955e-07,,,,,,,,,,,,,,,
45,7849,,,,,,,,,,,,,,,,,,0.00011454367631813511,0.00011454367631813511,1.2342326272118953e-07,,,,,,,,,,,,,,,
45,7865,,,,,,,,,,,,,,,,,,,,,0.9848121404647827,0.9929936528205872,0.9642430543899536,0.9929936528205872,0.9802567958831787,0.9929936528205872,0.96815425157547,0.9929936528205872,0.9642430543899536,0.9929936528205872,0.9802567958831787,0.9808917045593262,0.9887640476226807,0.9929936528205872,0.96815425157547
45,7865,29.59031867980957,28.878816604614258,29.540935516357422,29.647823333740234,29.134828567504883,-1.4723392496307497e-06,5.25817346572876,0.03271128609776497,0.16124914586544037,0.300967276096344,1.6011956930160522,0.07562410086393356,0.3656715452671051,0.02646533027291298,0.1183149442076683,0.028744634240865707,0.12719905376434326,,,,,,,,,,,,,,,,,,
46,7899,,,,,,,,,,,,,,,,,,0.000113625057565514,0.000113625057565514,1.2243343405771157e-07,,,,,,,,,,,,,,,
46,7949,,,,,,,,,,,,,,,,,,0.000112705267383717,0.000112705267383717,1.2144234062816395e-07,,,,,,,,,,,,,,,
46,7999,,,,,,,,,,,,,,,,,,0.00011178437853232026,0.00011178437853232026,1.2045005348682025e-07,,,,,,,,,,,,,,,
46,8036,,,,,,,,,,,,,,,,,,,,,0.9847878217697144,0.9914402961730957,0.9631423354148865,0.9914064407348633,0.9799357652664185,0.9914402961730957,0.9653618335723877,0.9914402961730957,0.9631423354148865,0.9914064407348633,0.9799357652664185,0.9824281334877014,0.9871588945388794,0.9914402961730957,0.9653618335723877
46,8036,29.490903854370117,28.918453216552734,29.585445404052734,29.526966094970703,29.144248962402344,-1.7549094764035544e-06,5.221925735473633,0.031952325254678726,0.1608732044696808,0.29915663599967957,1.5841729640960693,0.07526785135269165,0.36789268255233765,0.026012901216745377,0.11698828637599945,0.028741756454110146,0.12588664889335632,,,,,,,,,,,,,,,,,,
47,8049,,,,,,,,,,,,,,,,,,0.00011086247832281515,0.00011086247832281515,1.194566863205182e-07,,,,,,,,,,,,,,,
47,8099,,,,,,,,,,,,,,,,,,0.00010993963951477781,0.00010993963951477781,1.1846231018353137e-07,,,,,,,,,,,,,,,
47,8149,,,,,,,,,,,,,,,,,,0.000109015942143742,0.000109015942143742,1.1746701034098805e-07,,,,,,,,,,,,,,,
47,8199,,,,,,,,,,,,,,,,,,0.00010809147352119908,0.00010809147352119908,1.164708791634439e-07,,,,,,,,,,,,,,,
47,8207,,,,,,,,,,,,,,,,,,,,,0.9855769276618958,0.9918113946914673,0.9636934399604797,0.991793692111969,0.9800962805747986,0.9918113946914673,0.9646576642990112,0.9918113946914673,0.9636934399604797,0.991793692111969,0.9800962805747986,0.984000027179718,0.9871588945388794,0.9918113946914673,0.9646576642990112
47,8207,29.53508758544922,28.987653732299805,29.47270965576172,29.58349609375,28.90220832824707,-1.6656767911626957e-06,5.239808082580566,0.03289487212896347,0.16232801973819733,0.29939863085746765,1.5784285068511963,0.0765620768070221,0.37097296118736267,0.026098860427737236,0.11664276570081711,0.028559036552906036,0.12685853242874146,,,,,,,,,,,,,,,,,,
48,8249,,,,,,,,,,,,,,,,,,0.00010716631368268281,0.00010716631368268281,1.1547399481059983e-07,,,,,,,,,,,,,,,
48,8299,,,,,,,,,,,,,,,,,,0.00010624052811181173,0.00010624052811181173,1.1447644254758416e-07,,,,,,,,,,,,,,,
48,8349,,,,,,,,,,,,,,,,,,0.00010531421139603481,0.00010531421139603481,1.1347831474495251e-07,,,,,,,,,,,,,,,
48,8378,,,,,,,,,,,,,,,,,,,,,0.9841017723083496,0.9902352094650269,0.9619521498680115,0.9902352094650269,0.9786517024040222,0.9902352094650269,0.9639752507209778,0.9902352094650269,0.9619521498680115,0.9902352094650269,0.9786517024040222,0.9748031497001648,0.9935794472694397,0.9902352094650269,0.9639752507209778
48,8378,29.56562614440918,28.837881088256836,29.46816062927246,29.55198097229004,29.01364517211914,-1.859014219007804e-06,5.273828029632568,0.03388895094394684,0.1634964495897293,0.30510181188583374,1.5928150415420532,0.0791330561041832,0.37468674778938293,0.026316557079553604,0.11585567891597748,0.02864319644868374,0.12545330822467804,,,,,,,,,,,,,,,,,,
49,8399,,,,,,,,,,,,,,,,,,0.00010438742901897058,0.00010438742901897058,1.1247968956240584e-07,,,,,,,,,,,,,,,
49,8449,,,,,,,,,,,,,,,,,,0.00010346027556806803,0.00010346027556806803,1.1148065937049978e-07,,,,,,,,,,,,,,,
49,8499,,,,,,,,,,,,,,,,,,0.0001025328238029033,0.0001025328238029033,1.1048130943436263e-07,,,,,,,,,,,,,,,
49,8549,,,,,,,,,,,,,,,,,,0.00010160515375901014,0.00010160515375901014,1.0948172501912268e-07,,,,,,,,,,,,,,,
49,8549,,,,,,,,,,,,,,,,,,,,,0.9856459498405457,0.990283727645874,0.9588136672973633,0.9902029633522034,0.9780096411705017,0.990283727645874,0.9644492268562317,0.990283727645874,0.9588136672973633,0.9902029633522034,0.9780096411705017,0.9793977737426758,0.9919742941856384,0.990283727645874,0.9644492268562317
49,8549,29.495126724243164,29.03736114501953,29.56985092163086,29.577322006225586,29.244638442993164,0.010994448326528072,5.219910621643066,0.0335216224193573,0.1634436994791031,0.296610563993454,1.5607646703720093,0.07811808586120605,0.37347590923309326,0.026025334373116493,0.11576007306575775,0.02849523164331913,0.12462401390075684,,,,,,,,,,,,,,,,,,
50,8599,,,,,,,,,,,,,,,,,,0.00010067734547192231,0.00010067734547192231,1.0848199138990822e-07,,,,,,,,,,,,,,,
50,8649,,,,,,,,,,,,,,,,,,9.974947170121595e-05,9.974947170121595e-05,1.0748219381184754e-07,,,,,,,,,,,,,,,
50,8699,,,,,,,,,,,,,,,,,,9.882162703434005e-05,9.882162703434005e-05,1.0648241755006893e-07,,,,,,,,,,,,,,,
50,8720,,,,,,,,,,,,,,,,,,,,,0.9856687784194946,0.9908764362335205,0.9615009427070618,0.9908303022384644,0.9789727330207825,0.9908764362335205,0.965226948261261,0.9908764362335205,0.9615009427070618,0.9908303022384644,0.9789727330207825,0.9778831005096436,0.9935794472694397,0.9908764362335205,0.965226948261261
50,8720,29.500324249267578,29.11078643798828,29.582195281982422,29.58349609375,29.056529998779297,-1.3533623359762714e-06,5.209672927856445,0.032790977507829666,0.16194164752960205,0.29623427987098694,1.5675606727600098,0.07648546993732452,0.36968672275543213,0.025901803746819496,0.11699120700359344,0.028342923149466515,0.12473838031291962,,,,,,,,,,,,,,,,,,
51,8749,,,,,,,,,,,,,,,,,,9.789388423087075e-05,9.789388423087075e-05,1.0548275497512805e-07,,,,,,,,,,,,,,,
51,8799,,,,,,,,,,,,,,,,,,9.696632332634181e-05,9.696632332634181e-05,1.0448328424672582e-07,,,,,,,,,,,,,,,
51,8849,,,,,,,,,,,,,,,,,,9.603901708032936e-05,9.603901708032936e-05,1.0348409773541789e-07,,,,,,,,,,,,,,,
51,8891,,,,,,,,,,,,,,,,,,,,,0.9840510487556458,0.9896042943000793,0.9633251428604126,0.9895848631858826,0.9810593724250793,0.9896042943000793,0.9641932845115662,0.9896042943000793,0.9633251428604126,0.9895848631858826,0.9810593724250793,0.9778130054473877,0.9903692007064819,0.9896042943000793,0.9641932845115662
51,8891,29.412281036376953,28.994152069091797,29.467836380004883,29.5240421295166,29.19103240966797,-1.4277229638537392e-06,5.140216827392578,0.03215515613555908,0.15964709222316742,0.2916148602962494,1.545405387878418,0.07517577707767487,0.36456143856048584,0.02576238103210926,0.11488999426364899,0.028462490066885948,0.12382741272449493,,,,,,,,,,,,,,,,,,
52,8899,,,,,,,,,,,,,,,,,,9.511206008028239e-05,9.511206008028239e-05,1.024852736009052e-07,,,,,,,,,,,,,,,
52,8949,,,,,,,,,,,,,,,,,,9.418551780981943e-05,9.418551780981943e-05,1.0148691131917076e-07,,,,,,,,,,,,,,,
52,8999,,,,,,,,,,,,,,,,,,9.325947758043185e-05,9.325947758043185e-05,1.0048908194448813e-07,,,,,,,,,,,,,,,
52,9049,,,,,,,,,,,,,,,,,,9.23340194276534e-05,9.23340194276534e-05,9.949187784741298e-08,,,,,,,,,,,,,,,
52,9062,,,,,,,,,,,,,,,,,,,,,0.9841269850730896,0.989148736000061,0.9622483849525452,0.989148736000061,0.9808988571166992,0.989148736000061,0.9636303782463074,0.989148736000061,0.9622483849525452,0.989148736000061,0.9808988571166992,0.9733123779296875,0.995184600353241,0.989148736000061,0.9636303782463074
52,9062,29.480831146240234,28.925601959228516,29.454191207885742,29.52436637878418,29.199155807495117,-1.591316163285228e-06,5.0705366134643555,0.031094279140233994,0.1553938239812851,0.2892795205116272,1.5279566049575806,0.0726202130317688,0.355342835187912,0.0256344061344862,0.11525624990463257,0.028292540460824966,0.1238045021891594,,,,,,,,,,,,,,,,,,
53,9099,,,,,,,,,,,,,,,,,,9.140921611106023e-05,9.140921611106023e-05,9.849539139850094e-08,,,,,,,,,,,,,,,
53,9149,,,,,,,,,,,,,,,,,,9.048516221810132e-05,9.048516221810132e-05,9.74996936520256e-08,,,,,,,,,,,,,,,
53,9199,,,,,,,,,,,,,,,,,,8.956191595643759e-05,8.956191595643759e-05,9.650488408396996e-08,,,,,,,,,,,,,,,
53,9233,,,,,,,,,,,,,,,,,,,,,0.9864757061004639,0.9905163645744324,0.9623488187789917,0.9904479384422302,0.9800962805747986,0.9905163645744324,0.9653831720352173,0.9905163645744324,0.9623488187789917,0.9904479384422302,0.9800962805747986,0.9779179692268372,0.995184600353241,0.9905163645744324,0.9653831720352173
53,9233,29.50065040588379,28.939895629882812,29.453866958618164,29.48700523376465,29.130279541015625,-1.6061883343354566e-06,5.099133014678955,0.03240049257874489,0.158439502120018,0.2903745770454407,1.5218679904937744,0.07488268613815308,0.3599521517753601,0.025879541411995888,0.11591935157775879,0.02790687046945095,0.12289779633283615,,,,,,,,,,,,,,,,,,
54,9249,,,,,,,,,,,,,,,,,,8.863957918947563e-05,8.863957918947563e-05,9.551104085403495e-08,,,,,,,,,,,,,,,
54,9299,,,,,,,,,,,,,,,,,,8.771821012487635e-05,8.771821012487635e-05,9.451824922734886e-08,,,,,,,,,,,,,,,
54,9349,,,,,,,,,,,,,,,,,,8.679790335008875e-05,8.679790335008875e-05,9.352660157446735e-08,,,,,,,,,,,,,,,
54,9399,,,,,,,,,,,,,,,,,,8.587873890064657e-05,8.587873890064657e-05,9.253617605509135e-08,,,,,,,,,,,,,,,
54,9404,,,,,,,,,,,,,,,,,,,,,0.9856687784194946,0.9913363456726074,0.9642842411994934,0.991230845451355,0.9815409183502197,0.9913363456726074,0.9674259424209595,0.9913363456726074,0.9642842411994934,0.991230845451355,0.9815409183502197,0.9778831005096436,0.9935794472694397,0.9913363456726074,0.9674259424209595
54,9404,29.435348510742188,29.141000747680664,29.50714683532715,29.504873275756836,29.18096160888672,-1.650804620112467e-06,4.906552791595459,0.029923241585493088,0.14879845082759857,0.28001436591148376,1.4783880710601807,0.07013978809118271,0.3416711986064911,0.025126004591584206,0.11163584142923355,0.027821283787488937,0.12160070985555649,,,,,,,,,,,,,,,,,,
55,9449,,,,,,,,,,,,,,,,,,8.496078226016834e-05,8.496078226016834e-05,9.154705793434914e-08,,,,,,,,,,,,,,,
55,9499,,,,,,,,,,,,,,,,,,8.404412074014544e-05,8.404412074014544e-05,9.055933958279638e-08,,,,,,,,,,,,,,,
55,9549,,,,,,,,,,,,,,,,,,8.312883437611163e-05,8.312883437611163e-05,8.9573099160134e-08,,,,,,,,,,,,,,,
55,9575,,,,,,,,,,,,,,,,,,,,,0.9856915473937988,0.9913178086280823,0.9623201489448547,0.9912161231040955,0.9800962805747986,0.9913178086280823,0.9645900130271912,0.9913178086280823,0.9623201489448547,0.9912161231040955,0.9800962805747986,0.9763779640197754,0.995184600353241,0.9913178086280823,0.9645900130271912
55,9575,29.553281784057617,29.151721954345703,29.529890060424805,29.577648162841797,29.220922470092773,-1.3682345070265e-06,5.084364891052246,0.03255705162882805,0.1596745252609253,0.29146432876586914,1.5214416980743408,0.07553690671920776,0.36318716406822205,0.02535214088857174,0.11254819482564926,0.02734726294875145,0.12132266163825989,,,,,,,,,,,,,,,,,,
